Name,Email,Address,Phone number,Comments
Melissa Garrison,christine45@hotmail.com,"617 Brown Way
Jamesburgh, IA 12518",(415)417-6619x3268,-
Jordan Robinson,sbates@hotmail.com,"20828 Paul Meadows
Walkerville, NY 82193",(938)505-0192,-
Steven Rodriguez,floresmelissa@gmail.com,"5504 Martinez Trail Apt. 310
Jonathanmouth, WI 16375",274.325.3120x8945,-
John Morales,thomasware@gmail.com,"18148 Debra Ridges
North Suzanne, UT 54989",001-743-833-7531x4586,-
Shawn Welch,allisondavidson@yahoo.com,"06028 Paige Rest Suite 196
Lake Ronald, NE 11235",(790)361-2403,-
Courtney Collins,brennandaniel@yahoo.com,"2145 April Square
Brookestad, CO 76826",001-784-346-6233x98030,-
Susan Cervantes,amymiller@yahoo.com,"4917 Cynthia Vista
Shawnaside, AL 34119",430.233.9710,-
Thomas Campos,griffinbrent@gmail.com,"693 Pena Wall Suite 334
Carolynshire, LA 07936",216-194-5902x039,-
David Mendez,sara59@gmail.com,"40592 Cynthia Stravenue
Smithton, KS 25533",602-647-6453,-
Kimberly Murphy,lucasharris@hotmail.com,"1019 Christine Spurs
North Daniel, NJ 29450",341-233-4048x4086,-
