name,email,address,job,company,phone_number
Mary Sherman,scottjeffrey@yahoo.com,"7963 Sanders Gateway
Floresfurt, MS 58348","Buyer, retail",Delacruz PLC,599-753-8436x4340
John Bell,ingramchristie@hotmail.com,"029 Olson Trace
Reesetown, RI 19100",Commercial horticulturist,Spencer PLC,936-578-9506
Kenneth Warner,xthomas@gmail.com,"53537 Carlos Branch Apt. 400
Martinezborough, VA 54543",Occupational therapist,"Archer, Delgado and Rogers",+1-406-027-5144x199
Melissa Davidson,stevensmatthew@yahoo.com,"6530 Mcknight Roads
Taylorside, MO 43710","Designer, multimedia",Aguirre-Black,135-665-2595
Tamara Cruz,huntarthur@hotmail.com,"PSC 5362, Box 4376
APO AE 59075",Speech and language therapist,Brooks and Sons,+1-592-204-7766
Andrew Jones,kreynolds@yahoo.com,"61636 Douglas Avenue
Lake George, CA 99033","Therapist, speech and language",Nguyen Ltd,(949)759-9080x8577
Daniel Dean,gregorymartin@yahoo.com,"1122 Torres Mountain Apt. 745
Andersonberg, NY 01881",Airline pilot,"Tran, Haynes and Dawson",+1-942-494-9903
Jesus Hutchinson,susan28@gmail.com,"662 Lee Passage Apt. 337
Smithshire, MA 42315","Administrator, Civil Service","Elliott, Wright and Matthews",001-535-098-2179
Tanya Garner,andrea66@hotmail.com,"17891 Julian Springs
Port Kyleberg, ME 18203",Theatre stage manager,Aguilar-Orr,001-036-681-2309x39411
Danny Thompson,zrivera@gmail.com,"78669 David Port Apt. 228
Cruzfort, PA 82172",Brewing technologist,"Solis, Malone and Martin",(437)958-9174
